<profile>

<section name = "Vivado HLS Report for 'matrix_mult'" level="0">
<item name = "Date">Mon Apr 05 16:30:18 2021
</item>
<item name = "Version">2016.4 (Build 1756540 on Mon Jan 23 19:31:01 MST 2017)</item>
<item name = "Project">matrix_mult_prj</item>
<item name = "Solution">solution1</item>
<item name = "Product family">zynq</item>
<item name = "Target device">xc7z010clg400-1</item>
</section>

<section name = "Performance Estimates" level="0">
<item name = "Timing (ns)">
<section name = "" level="1">
<item name = "Target clock period (ns)">5.00</item>
<item name = "Clock uncertainty (ns)">0.63</item>
<item name = "Estimated clock period (ns)">3.44</item>
</section>
</item>
<item name = "Latency (clock cycles)">
<section name = "" level="1">
<item name = "Summary"><table name="" hasTotal="0">
<keys size="6">, min, max, min, max, Type</keys>
<column name="">686, 686, 687, 687, none</column>
</table>
</item>
<item name = "Detail">
<section name = "" level="1">
<item name = "Instance"><table name="" hasTotal="0">
<keys size="7">Instance, Module, min, max, min, max, Type</keys>
</table>
</item>
<item name = "Loop"><table name="" hasTotal="0">
<keys size="8">Loop Name, min, max, Latency, achieved, target, Count, Pipelined</keys>
<column name="- Row">685, 685, 137, -, -, 5, no</column>
<column name=" + Col">135, 135, 27, -, -, 5, no</column>
<column name="  ++ Product">25, 25, 5, -, -, 5, no</column>
</table>
</item>
</section>
</item>
</section>
</item>
</section>

<section name = "Utilization Estimates" level="0">
<item name = "Summary"><table name="" hasTotal="1">
<keys size="5">Name, BRAM_18K, DSP48E, FF, LUT</keys>
<column name="DSP">-, 1, -, -</column>
<column name="Expression">-, -, 0, 39</column>
<column name="FIFO">-, -, -, -</column>
<column name="Instance">-, -, -, -</column>
<column name="Memory">-, -, -, -</column>
<column name="Multiplexer">-, -, -, 29</column>
<column name="Register">-, -, 66, -</column>
<specialColumn name="Available">120, 80, 35200, 17600</specialColumn>
<specialColumn name="Utilization (%)">0, 1, ~0, ~0</specialColumn>
</table>
</item>
<item name = "Detail">
<section name = "" level="1">
<item name = "Instance"><table name="" hasTotal="1">
<keys size="6">Instance, Module, BRAM_18K, DSP48E, FF, LUT</keys>
</table>
</item>
<item name = "DSP48"><table name="" hasTotal="0">
<keys size="3">Instance, Module, Expression</keys>
<column name="matrix_mult_mac_mbkb_U0">matrix_mult_mac_mbkb, i0 + i1 * i2</column>
</table>
</item>
<item name = "Memory"><table name="" hasTotal="1">
<keys size="9">Memory, Module, BRAM_18K, FF, LUT, Words, Bits, Banks, W*Bits*Banks</keys>
</table>
</item>
<item name = "FIFO"><table name="" hasTotal="1">
<keys size="7">Name, BRAM_18K, FF, LUT, Depth, Bits, Size:D*B</keys>
</table>
</item>
<item name = "Expression"><table name="" hasTotal="1">
<keys size="7">Variable Name, Operation, DSP48E, FF, LUT, Bitwidth P0, Bitwidth P1</keys>
<column name="i_1_fu_149_p2">+, 0, 0, 3, 3, 1</column>
<column name="j_1_fu_175_p2">+, 0, 0, 3, 3, 1</column>
<column name="k_1_fu_229_p2">+, 0, 0, 3, 3, 1</column>
<column name="tmp_10_fu_207_p2">+, 0, 0, 3, 6, 6</column>
<column name="tmp_11_fu_213_p2">+, 0, 0, 3, 6, 6</column>
<column name="tmp_7_fu_137_p2">+, 0, 0, 6, 6, 6</column>
<column name="tmp_8_fu_159_p2">+, 0, 0, 6, 6, 6</column>
<column name="tmp_9_fu_185_p2">+, 0, 0, 6, 6, 6</column>
<column name="exitcond1_fu_169_p2">icmp, 0, 0, 2, 3, 3</column>
<column name="exitcond2_fu_143_p2">icmp, 0, 0, 2, 3, 3</column>
<column name="exitcond_fu_223_p2">icmp, 0, 0, 2, 3, 3</column>
</table>
</item>
<item name = "Multiplexer"><table name="" hasTotal="1">
<keys size="5">Name, LUT, Input Size, Bits, Total Bits</keys>
<column name="ap_NS_fsm">4, 9, 1, 9</column>
<column name="i_reg_75">3, 2, 3, 6</column>
<column name="j_reg_86">3, 2, 3, 6</column>
<column name="k_reg_110">3, 2, 3, 6</column>
<column name="prod_load_reg_97">16, 2, 16, 32</column>
</table>
</item>
<item name = "Register"><table name="" hasTotal="1">
<keys size="5">Name, FF, LUT, Bits, Const Bits</keys>
<column name="a_addr_reg_283">5, 0, 5, 0</column>
<column name="ap_CS_fsm">8, 0, 8, 0</column>
<column name="b_addr_reg_288">5, 0, 5, 0</column>
<column name="i_1_reg_260">3, 0, 3, 0</column>
<column name="i_reg_75">3, 0, 3, 0</column>
<column name="j_1_reg_278">3, 0, 3, 0</column>
<column name="j_cast2_cast_reg_265">3, 0, 6, 3</column>
<column name="j_reg_86">3, 0, 3, 0</column>
<column name="k_1_reg_296">3, 0, 3, 0</column>
<column name="k_reg_110">3, 0, 3, 0</column>
<column name="prod_addr_reg_270">5, 0, 5, 0</column>
<column name="prod_load_reg_97">16, 0, 16, 0</column>
<column name="tmp_7_reg_251">6, 0, 6, 0</column>
</table>
</item>
</section>
</item>
</section>

<section name = "Interface" level="0">
<item name = "Summary"><table name="" hasTotal="0">
<keys size="6">RTL Ports, Dir, Bits, Protocol, Source Object, C Type</keys>
<column name="ap_clk">in, 1, ap_ctrl_hs, matrix_mult, return value</column>
<column name="ap_rst">in, 1, ap_ctrl_hs, matrix_mult, return value</column>
<column name="ap_start">in, 1, ap_ctrl_hs, matrix_mult, return value</column>
<column name="ap_done">out, 1, ap_ctrl_hs, matrix_mult, return value</column>
<column name="ap_idle">out, 1, ap_ctrl_hs, matrix_mult, return value</column>
<column name="ap_ready">out, 1, ap_ctrl_hs, matrix_mult, return value</column>
<column name="a_address0">out, 5, ap_memory, a, array</column>
<column name="a_ce0">out, 1, ap_memory, a, array</column>
<column name="a_q0">in, 8, ap_memory, a, array</column>
<column name="b_address0">out, 5, ap_memory, b, array</column>
<column name="b_ce0">out, 1, ap_memory, b, array</column>
<column name="b_q0">in, 8, ap_memory, b, array</column>
<column name="prod_address0">out, 5, ap_memory, prod, array</column>
<column name="prod_ce0">out, 1, ap_memory, prod, array</column>
<column name="prod_we0">out, 1, ap_memory, prod, array</column>
<column name="prod_d0">out, 16, ap_memory, prod, array</column>
</table>
</item>
</section>

<section name = "Critical Path" level="0">
<item name = "Max Delay">3.44</item>
<item name = "Critical Path Table"><table name="Critical Path Table" hasTotal="0">
<keys size="15">Name, Operator, Delay, Accumulated Delay, Store Source, Resource, Core, Interface, Type, Port, Array, Scope, Pointer, Callee, Phi Node</keys>
<column name="'a_load', matrix_mult.cpp:16">load, 2.39, 2.39, -, -, -, -, -, -, &apos;a&apos;, -, -, -, -</column>
<column name="'tmp', matrix_mult.cpp:16">sext, 0.00, 2.39, -, -, -, -, -, -, -, -, -, -, -</column>
<column name="'tmp_2', matrix_mult.cpp:16">mul, 1.05, 3.44, -, -, -, -, -, -, -, -, -, -, -</column>
</table>
</item>
</section>
</profile>
