<profile>

<section name = "Vivado HLS Report for 'matrix_mult'" level="0">
<item name = "Date">Mon Apr 05 16:30:17 2021
</item>
<item name = "Version">2016.4 (Build 1756540 on Mon Jan 23 19:31:01 MST 2017)</item>
<item name = "Project">matrix_mult_prj</item>
<item name = "Solution">solution1</item>
<item name = "Product family">zynq</item>
<item name = "Target device">xc7z010clg400-1</item>
</section>

<section name = "Performance Estimates" level="0">
<item name = "Timing (ns)">
<section name = "" level="1">
<item name = "Summary"><table name="" hasTotal="0">
<keys size="4">Clock, Target, Estimated, Uncertainty</keys>
<column name="ap_clk">5.00, 3.44, 0.63</column>
</table>
</item>
</section>
</item>
<item name = "Latency (clock cycles)">
<section name = "" level="1">
<item name = "Summary"><table name="" hasTotal="0">
<keys size="6">, min, max, min, max, Type</keys>
<column name="">686, 686, 687, 687, none</column>
</table>
</item>
<item name = "Detail">
<section name = "" level="1">
<item name = "Instance"><table name="" hasTotal="0">
<keys size="7">Instance, Module, min, max, min, max, Type</keys>
</table>
</item>
<item name = "Loop"><table name="" hasTotal="0">
<keys size="8">Loop Name, min, max, Latency, achieved, target, Count, Pipelined</keys>
<column name="- Row">685, 685, 137, -, -, 5, no</column>
<column name=" + Col">135, 135, 27, -, -, 5, no</column>
<column name="  ++ Product">25, 25, 5, -, -, 5, no</column>
</table>
</item>
</section>
</item>
</section>
</item>
</section>
</profile>
