<stg><name>matrix_mult</name>


<trans_list>

<trans id="72" from="1" to="2">
<condition id="19">
<or_exp><and_exp></and_exp></or_exp>
</condition>
</trans>

<trans id="73" from="2" to="3">
<condition id="21">
<or_exp><and_exp><literal name="exitcond2" val="0"/>
</and_exp></or_exp>
</condition>
</trans>

<trans id="74" from="3" to="4">
<condition id="23">
<or_exp><and_exp><literal name="exitcond1" val="0"/>
</and_exp></or_exp>
</condition>
</trans>

<trans id="81" from="3" to="2">
<condition id="34">
<or_exp><and_exp><literal name="exitcond1" val="1"/>
</and_exp></or_exp>
</condition>
</trans>

<trans id="75" from="4" to="5">
<condition id="25">
<or_exp><and_exp><literal name="exitcond" val="0"/>
</and_exp></or_exp>
</condition>
</trans>

<trans id="80" from="4" to="3">
<condition id="32">
<or_exp><and_exp><literal name="exitcond" val="1"/>
</and_exp></or_exp>
</condition>
</trans>

<trans id="76" from="5" to="6">
<condition id="26">
<or_exp><and_exp></and_exp></or_exp>
</condition>
</trans>

<trans id="77" from="6" to="7">
<condition id="27">
<or_exp><and_exp></and_exp></or_exp>
</condition>
</trans>

<trans id="78" from="7" to="8">
<condition id="28">
<or_exp><and_exp></and_exp></or_exp>
</condition>
</trans>

<trans id="79" from="8" to="4">
<condition id="30">
<or_exp><and_exp></and_exp></or_exp>
</condition>
</trans>
</trans_list>



<state_list>

<state id="1" st_id="1">

<operation id="9" st_id="1" stage="1" lat="1">
<core>NULL</core>
<MemPortIdVec></MemPortIdVec>
<condition id="0">
<or_exp><and_exp></and_exp></or_exp>
</condition>

<Node id="4" bw="0" op_0_bw="0" op_1_bw="8">
<![CDATA[
:0  call void (...)* @_ssdm_op_SpecBitsMap([25 x i8]* %a) nounwind, !map !7

]]></Node>
<StgValue><ssdm name=""/></StgValue>
</operation>

<operation id="10" st_id="1" stage="1" lat="1">
<core>NULL</core>
<MemPortIdVec></MemPortIdVec>
<condition id="0">
<or_exp><and_exp></and_exp></or_exp>
</condition>

<Node id="5" bw="0" op_0_bw="0" op_1_bw="8">
<![CDATA[
:1  call void (...)* @_ssdm_op_SpecBitsMap([25 x i8]* %b) nounwind, !map !13

]]></Node>
<StgValue><ssdm name=""/></StgValue>
</operation>

<operation id="11" st_id="1" stage="1" lat="1">
<core>NULL</core>
<MemPortIdVec></MemPortIdVec>
<condition id="0">
<or_exp><and_exp></and_exp></or_exp>
</condition>

<Node id="6" bw="0" op_0_bw="0" op_1_bw="16">
<![CDATA[
:2  call void (...)* @_ssdm_op_SpecBitsMap([25 x i16]* %prod) nounwind, !map !17

]]></Node>
<StgValue><ssdm name=""/></StgValue>
</operation>

<operation id="12" st_id="1" stage="1" lat="1">
<core>NULL</core>
<MemPortIdVec></MemPortIdVec>
<condition id="0">
<or_exp><and_exp></and_exp></or_exp>
</condition>

<Node id="7" bw="0" op_0_bw="0" op_1_bw="0">
<![CDATA[
:3  call void (...)* @_ssdm_op_SpecTopModule([12 x i8]* @matrix_mult_str) nounwind

]]></Node>
<StgValue><ssdm name=""/></StgValue>
</operation>

<operation id="13" st_id="1" stage="1" lat="1">
<core>NULL</core>
<MemPortIdVec></MemPortIdVec>
<condition id="0">
<or_exp><and_exp></and_exp></or_exp>
</condition>

<Node id="8" bw="0" op_0_bw="0">
<![CDATA[
:4  br label %1

]]></Node>
<StgValue><ssdm name=""/></StgValue>
</operation>
</state>

<state id="2" st_id="2">

<operation id="14" st_id="2" stage="1" lat="1">
<core>NULL</core>
<MemPortIdVec></MemPortIdVec>
<condition id="1">
<or_exp><and_exp></and_exp></or_exp>
</condition>

<Node id="10" bw="3" op_0_bw="3" op_1_bw="0">
<![CDATA[
:0  %i = phi i3 [ 0, %0 ], [ %i_1, %8 ]

]]></Node>
<StgValue><ssdm name="i"/></StgValue>
</operation>

<operation id="15" st_id="2" stage="1" lat="1">
<core>NULL</core>
<MemPortIdVec></MemPortIdVec>
<condition id="1">
<or_exp><and_exp></and_exp></or_exp>
</condition>

<Node id="11" bw="6" op_0_bw="3">
<![CDATA[
:1  %i_cast3_cast = zext i3 %i to i6

]]></Node>
<StgValue><ssdm name="i_cast3_cast"/></StgValue>
</operation>

<operation id="16" st_id="2" stage="1" lat="1">
<core>NULL</core>
<MemPortIdVec></MemPortIdVec>
<condition id="1">
<or_exp><and_exp></and_exp></or_exp>
</condition>

<Node id="12" bw="5" op_0_bw="5" op_1_bw="3" op_2_bw="2">
<![CDATA[
:2  %tmp_6 = call i5 @_ssdm_op_BitConcatenate.i5.i3.i2(i3 %i, i2 0)

]]></Node>
<StgValue><ssdm name="tmp_6"/></StgValue>
</operation>

<operation id="17" st_id="2" stage="1" lat="1">
<core>NULL</core>
<MemPortIdVec></MemPortIdVec>
<condition id="1">
<or_exp><and_exp></and_exp></or_exp>
</condition>

<Node id="13" bw="6" op_0_bw="5">
<![CDATA[
:3  %p_shl_cast = zext i5 %tmp_6 to i6

]]></Node>
<StgValue><ssdm name="p_shl_cast"/></StgValue>
</operation>

<operation id="18" st_id="2" stage="1" lat="1">
<core>AddSub</core>
<MemPortIdVec></MemPortIdVec>
<condition id="1">
<or_exp><and_exp></and_exp></or_exp>
</condition>

<Node id="14" bw="6" op_0_bw="6" op_1_bw="6">
<![CDATA[
:4  %tmp_7 = add i6 %i_cast3_cast, %p_shl_cast

]]></Node>
<StgValue><ssdm name="tmp_7"/></StgValue>
</operation>

<operation id="19" st_id="2" stage="1" lat="1">
<core>Cmp</core>
<MemPortIdVec></MemPortIdVec>
<condition id="1">
<or_exp><and_exp></and_exp></or_exp>
</condition>

<Node id="15" bw="1" op_0_bw="3" op_1_bw="3">
<![CDATA[
:5  %exitcond2 = icmp eq i3 %i, -3

]]></Node>
<StgValue><ssdm name="exitcond2"/></StgValue>
</operation>

<operation id="20" st_id="2" stage="1" lat="1">
<core>NULL</core>
<MemPortIdVec></MemPortIdVec>
<condition id="1">
<or_exp><and_exp></and_exp></or_exp>
</condition>

<Node id="16" bw="32" op_0_bw="32" op_1_bw="64" op_2_bw="64" op_3_bw="64">
<![CDATA[
:6  %empty = call i32 (...)* @_ssdm_op_SpecLoopTripCount(i64 5, i64 5, i64 5) nounwind

]]></Node>
<StgValue><ssdm name="empty"/></StgValue>
</operation>

<operation id="21" st_id="2" stage="1" lat="1">
<core>AddSub</core>
<MemPortIdVec></MemPortIdVec>
<condition id="1">
<or_exp><and_exp></and_exp></or_exp>
</condition>

<Node id="17" bw="3" op_0_bw="3" op_1_bw="3">
<![CDATA[
:7  %i_1 = add i3 %i, 1

]]></Node>
<StgValue><ssdm name="i_1"/></StgValue>
</operation>

<operation id="22" st_id="2" stage="1" lat="1">
<core>NULL</core>
<MemPortIdVec></MemPortIdVec>
<condition id="1">
<or_exp><and_exp></and_exp></or_exp>
</condition>

<Node id="18" bw="0" op_0_bw="1" op_1_bw="0" op_2_bw="0">
<![CDATA[
:8  br i1 %exitcond2, label %9, label %2

]]></Node>
<StgValue><ssdm name=""/></StgValue>
</operation>

<operation id="23" st_id="2" stage="1" lat="1">
<core>NULL</core>
<MemPortIdVec></MemPortIdVec>
<condition id="3">
<or_exp><and_exp><literal name="exitcond2" val="0"/>
</and_exp></or_exp>
</condition>

<Node id="20" bw="0" op_0_bw="0" op_1_bw="0">
<![CDATA[
:0  call void (...)* @_ssdm_op_SpecLoopName([4 x i8]* @p_str) nounwind

]]></Node>
<StgValue><ssdm name=""/></StgValue>
</operation>

<operation id="24" st_id="2" stage="1" lat="1">
<core>NULL</core>
<MemPortIdVec></MemPortIdVec>
<condition id="3">
<or_exp><and_exp><literal name="exitcond2" val="0"/>
</and_exp></or_exp>
</condition>

<Node id="21" bw="32" op_0_bw="32" op_1_bw="0">
<![CDATA[
:1  %tmp_4 = call i32 (...)* @_ssdm_op_SpecRegionBegin([4 x i8]* @p_str) nounwind

]]></Node>
<StgValue><ssdm name="tmp_4"/></StgValue>
</operation>

<operation id="25" st_id="2" stage="1" lat="1">
<core>NULL</core>
<MemPortIdVec></MemPortIdVec>
<condition id="3">
<or_exp><and_exp><literal name="exitcond2" val="0"/>
</and_exp></or_exp>
</condition>

<Node id="22" bw="0" op_0_bw="0">
<![CDATA[
:2  br label %3

]]></Node>
<StgValue><ssdm name=""/></StgValue>
</operation>

<operation id="26" st_id="2" stage="1" lat="1">
<core>NULL</core>
<MemPortIdVec></MemPortIdVec>
<condition id="5">
<or_exp><and_exp><literal name="exitcond2" val="1"/>
</and_exp></or_exp>
</condition>

<Node id="71" bw="0">
<![CDATA[
:0  ret void

]]></Node>
<StgValue><ssdm name=""/></StgValue>
</operation>
</state>

<state id="3" st_id="3">

<operation id="27" st_id="3" stage="1" lat="1">
<core>NULL</core>
<MemPortIdVec></MemPortIdVec>
<condition id="6">
<or_exp><and_exp></and_exp></or_exp>
</condition>

<Node id="24" bw="3" op_0_bw="3" op_1_bw="0">
<![CDATA[
:0  %j = phi i3 [ 0, %2 ], [ %j_1, %7 ]

]]></Node>
<StgValue><ssdm name="j"/></StgValue>
</operation>

<operation id="28" st_id="3" stage="1" lat="1">
<core>NULL</core>
<MemPortIdVec></MemPortIdVec>
<condition id="6">
<or_exp><and_exp></and_exp></or_exp>
</condition>

<Node id="25" bw="6" op_0_bw="3">
<![CDATA[
:1  %j_cast2_cast = zext i3 %j to i6

]]></Node>
<StgValue><ssdm name="j_cast2_cast"/></StgValue>
</operation>

<operation id="29" st_id="3" stage="1" lat="1">
<core>AddSub</core>
<MemPortIdVec></MemPortIdVec>
<condition id="6">
<or_exp><and_exp></and_exp></or_exp>
</condition>

<Node id="26" bw="6" op_0_bw="6" op_1_bw="6">
<![CDATA[
:2  %tmp_8 = add i6 %tmp_7, %j_cast2_cast

]]></Node>
<StgValue><ssdm name="tmp_8"/></StgValue>
</operation>

<operation id="30" st_id="3" stage="1" lat="1">
<core>NULL</core>
<MemPortIdVec></MemPortIdVec>
<condition id="6">
<or_exp><and_exp></and_exp></or_exp>
</condition>

<Node id="27" bw="32" op_0_bw="6">
<![CDATA[
:3  %tmp_8_cast = zext i6 %tmp_8 to i32

]]></Node>
<StgValue><ssdm name="tmp_8_cast"/></StgValue>
</operation>

<operation id="31" st_id="3" stage="1" lat="1">
<core>NULL</core>
<MemPortIdVec></MemPortIdVec>
<condition id="6">
<or_exp><and_exp></and_exp></or_exp>
</condition>

<Node id="28" bw="5" op_0_bw="16" op_1_bw="32" op_2_bw="32">
<![CDATA[
:4  %prod_addr = getelementptr [25 x i16]* %prod, i32 0, i32 %tmp_8_cast

]]></Node>
<StgValue><ssdm name="prod_addr"/></StgValue>
</operation>

<operation id="32" st_id="3" stage="1" lat="1">
<core>Cmp</core>
<MemPortIdVec></MemPortIdVec>
<condition id="6">
<or_exp><and_exp></and_exp></or_exp>
</condition>

<Node id="29" bw="1" op_0_bw="3" op_1_bw="3">
<![CDATA[
:5  %exitcond1 = icmp eq i3 %j, -3

]]></Node>
<StgValue><ssdm name="exitcond1"/></StgValue>
</operation>

<operation id="33" st_id="3" stage="1" lat="1">
<core>NULL</core>
<MemPortIdVec></MemPortIdVec>
<condition id="6">
<or_exp><and_exp></and_exp></or_exp>
</condition>

<Node id="30" bw="32" op_0_bw="32" op_1_bw="64" op_2_bw="64" op_3_bw="64">
<![CDATA[
:6  %empty_2 = call i32 (...)* @_ssdm_op_SpecLoopTripCount(i64 5, i64 5, i64 5) nounwind

]]></Node>
<StgValue><ssdm name="empty_2"/></StgValue>
</operation>

<operation id="34" st_id="3" stage="1" lat="1">
<core>AddSub</core>
<MemPortIdVec></MemPortIdVec>
<condition id="6">
<or_exp><and_exp></and_exp></or_exp>
</condition>

<Node id="31" bw="3" op_0_bw="3" op_1_bw="3">
<![CDATA[
:7  %j_1 = add i3 %j, 1

]]></Node>
<StgValue><ssdm name="j_1"/></StgValue>
</operation>

<operation id="35" st_id="3" stage="1" lat="1">
<core>NULL</core>
<MemPortIdVec></MemPortIdVec>
<condition id="6">
<or_exp><and_exp></and_exp></or_exp>
</condition>

<Node id="32" bw="0" op_0_bw="1" op_1_bw="0" op_2_bw="0">
<![CDATA[
:8  br i1 %exitcond1, label %8, label %4

]]></Node>
<StgValue><ssdm name=""/></StgValue>
</operation>

<operation id="36" st_id="3" stage="1" lat="1">
<core>NULL</core>
<MemPortIdVec></MemPortIdVec>
<condition id="8">
<or_exp><and_exp><literal name="exitcond1" val="0"/>
</and_exp></or_exp>
</condition>

<Node id="34" bw="0" op_0_bw="0" op_1_bw="0">
<![CDATA[
:0  call void (...)* @_ssdm_op_SpecLoopName([4 x i8]* @p_str1) nounwind

]]></Node>
<StgValue><ssdm name=""/></StgValue>
</operation>

<operation id="37" st_id="3" stage="1" lat="1">
<core>NULL</core>
<MemPortIdVec></MemPortIdVec>
<condition id="8">
<or_exp><and_exp><literal name="exitcond1" val="0"/>
</and_exp></or_exp>
</condition>

<Node id="35" bw="32" op_0_bw="32" op_1_bw="0">
<![CDATA[
:1  %tmp_5 = call i32 (...)* @_ssdm_op_SpecRegionBegin([4 x i8]* @p_str1) nounwind

]]></Node>
<StgValue><ssdm name="tmp_5"/></StgValue>
</operation>

<operation id="38" st_id="3" stage="1" lat="1">
<core>NULL</core>
<MemPortIdVec></MemPortIdVec>
<condition id="8">
<or_exp><and_exp><literal name="exitcond1" val="0"/>
</and_exp></or_exp>
</condition>

<Node id="36" bw="0" op_0_bw="0">
<![CDATA[
:2  br label %5

]]></Node>
<StgValue><ssdm name=""/></StgValue>
</operation>

<operation id="39" st_id="3" stage="1" lat="1">
<core>NULL</core>
<MemPortIdVec></MemPortIdVec>
<condition id="10">
<or_exp><and_exp><literal name="exitcond1" val="1"/>
</and_exp></or_exp>
</condition>

<Node id="68" bw="32" op_0_bw="32" op_1_bw="0" op_2_bw="32">
<![CDATA[
:0  %empty_5 = call i32 (...)* @_ssdm_op_SpecRegionEnd([4 x i8]* @p_str, i32 %tmp_4) nounwind

]]></Node>
<StgValue><ssdm name="empty_5"/></StgValue>
</operation>

<operation id="40" st_id="3" stage="1" lat="1">
<core>NULL</core>
<MemPortIdVec></MemPortIdVec>
<condition id="10">
<or_exp><and_exp><literal name="exitcond1" val="1"/>
</and_exp></or_exp>
</condition>

<Node id="69" bw="0" op_0_bw="0">
<![CDATA[
:1  br label %1

]]></Node>
<StgValue><ssdm name=""/></StgValue>
</operation>
</state>

<state id="4" st_id="4">

<operation id="41" st_id="4" stage="1" lat="1">
<core>NULL</core>
<MemPortIdVec></MemPortIdVec>
<condition id="11">
<or_exp><and_exp></and_exp></or_exp>
</condition>

<Node id="38" bw="16" op_0_bw="16" op_1_bw="0">
<![CDATA[
:0  %prod_load = phi i16 [ 0, %4 ], [ %tmp_3, %6 ]

]]></Node>
<StgValue><ssdm name="prod_load"/></StgValue>
</operation>

<operation id="42" st_id="4" stage="1" lat="1">
<core>NULL</core>
<MemPortIdVec></MemPortIdVec>
<condition id="11">
<or_exp><and_exp></and_exp></or_exp>
</condition>

<Node id="39" bw="3" op_0_bw="3" op_1_bw="0">
<![CDATA[
:1  %k = phi i3 [ 0, %4 ], [ %k_1, %6 ]

]]></Node>
<StgValue><ssdm name="k"/></StgValue>
</operation>

<operation id="43" st_id="4" stage="1" lat="1">
<core>RAM</core>
<MemPortIdVec>0 </MemPortIdVec>
<condition id="11">
<or_exp><and_exp></and_exp></or_exp>
</condition>

<Node id="40" bw="0" op_0_bw="16" op_1_bw="5">
<![CDATA[
:2  store i16 %prod_load, i16* %prod_addr, align 2

]]></Node>
<StgValue><ssdm name=""/></StgValue>
</operation>

<operation id="44" st_id="4" stage="1" lat="1">
<core>NULL</core>
<MemPortIdVec></MemPortIdVec>
<condition id="11">
<or_exp><and_exp></and_exp></or_exp>
</condition>

<Node id="41" bw="6" op_0_bw="3">
<![CDATA[
:3  %k_cast1_cast = zext i3 %k to i6

]]></Node>
<StgValue><ssdm name="k_cast1_cast"/></StgValue>
</operation>

<operation id="45" st_id="4" stage="1" lat="1">
<core>AddSub</core>
<MemPortIdVec></MemPortIdVec>
<condition id="11">
<or_exp><and_exp></and_exp></or_exp>
</condition>

<Node id="42" bw="6" op_0_bw="6" op_1_bw="6">
<![CDATA[
:4  %tmp_9 = add i6 %tmp_7, %k_cast1_cast

]]></Node>
<StgValue><ssdm name="tmp_9"/></StgValue>
</operation>

<operation id="46" st_id="4" stage="1" lat="1">
<core>NULL</core>
<MemPortIdVec></MemPortIdVec>
<condition id="11">
<or_exp><and_exp></and_exp></or_exp>
</condition>

<Node id="43" bw="32" op_0_bw="6">
<![CDATA[
:5  %tmp_9_cast = zext i6 %tmp_9 to i32

]]></Node>
<StgValue><ssdm name="tmp_9_cast"/></StgValue>
</operation>

<operation id="47" st_id="4" stage="1" lat="1">
<core>NULL</core>
<MemPortIdVec></MemPortIdVec>
<condition id="11">
<or_exp><and_exp></and_exp></or_exp>
</condition>

<Node id="44" bw="5" op_0_bw="8" op_1_bw="32" op_2_bw="32">
<![CDATA[
:6  %a_addr = getelementptr [25 x i8]* %a, i32 0, i32 %tmp_9_cast

]]></Node>
<StgValue><ssdm name="a_addr"/></StgValue>
</operation>

<operation id="48" st_id="4" stage="1" lat="1">
<core>NULL</core>
<MemPortIdVec></MemPortIdVec>
<condition id="11">
<or_exp><and_exp></and_exp></or_exp>
</condition>

<Node id="45" bw="5" op_0_bw="5" op_1_bw="3" op_2_bw="2">
<![CDATA[
:7  %tmp_s = call i5 @_ssdm_op_BitConcatenate.i5.i3.i2(i3 %k, i2 0)

]]></Node>
<StgValue><ssdm name="tmp_s"/></StgValue>
</operation>

<operation id="49" st_id="4" stage="1" lat="1">
<core>NULL</core>
<MemPortIdVec></MemPortIdVec>
<condition id="11">
<or_exp><and_exp></and_exp></or_exp>
</condition>

<Node id="46" bw="6" op_0_bw="5">
<![CDATA[
:8  %p_shl1_cast = zext i5 %tmp_s to i6

]]></Node>
<StgValue><ssdm name="p_shl1_cast"/></StgValue>
</operation>

<operation id="50" st_id="4" stage="1" lat="1">
<core>TAddSub</core>
<MemPortIdVec></MemPortIdVec>
<condition id="11">
<or_exp><and_exp></and_exp></or_exp>
</condition>

<Node id="47" bw="6" op_0_bw="6" op_1_bw="6">
<![CDATA[
:9  %tmp_10 = add i6 %k_cast1_cast, %p_shl1_cast

]]></Node>
<StgValue><ssdm name="tmp_10"/></StgValue>
</operation>

<operation id="51" st_id="4" stage="1" lat="1">
<core>TAddSub</core>
<MemPortIdVec></MemPortIdVec>
<condition id="11">
<or_exp><and_exp></and_exp></or_exp>
</condition>

<Node id="48" bw="6" op_0_bw="6" op_1_bw="6">
<![CDATA[
:10  %tmp_11 = add i6 %tmp_10, %j_cast2_cast

]]></Node>
<StgValue><ssdm name="tmp_11"/></StgValue>
</operation>

<operation id="52" st_id="4" stage="1" lat="1">
<core>NULL</core>
<MemPortIdVec></MemPortIdVec>
<condition id="11">
<or_exp><and_exp></and_exp></or_exp>
</condition>

<Node id="49" bw="32" op_0_bw="6">
<![CDATA[
:11  %tmp_12_cast = zext i6 %tmp_11 to i32

]]></Node>
<StgValue><ssdm name="tmp_12_cast"/></StgValue>
</operation>

<operation id="53" st_id="4" stage="1" lat="1">
<core>NULL</core>
<MemPortIdVec></MemPortIdVec>
<condition id="11">
<or_exp><and_exp></and_exp></or_exp>
</condition>

<Node id="50" bw="5" op_0_bw="8" op_1_bw="32" op_2_bw="32">
<![CDATA[
:12  %b_addr = getelementptr [25 x i8]* %b, i32 0, i32 %tmp_12_cast

]]></Node>
<StgValue><ssdm name="b_addr"/></StgValue>
</operation>

<operation id="54" st_id="4" stage="1" lat="1">
<core>Cmp</core>
<MemPortIdVec></MemPortIdVec>
<condition id="11">
<or_exp><and_exp></and_exp></or_exp>
</condition>

<Node id="51" bw="1" op_0_bw="3" op_1_bw="3">
<![CDATA[
:13  %exitcond = icmp eq i3 %k, -3

]]></Node>
<StgValue><ssdm name="exitcond"/></StgValue>
</operation>

<operation id="55" st_id="4" stage="1" lat="1">
<core>NULL</core>
<MemPortIdVec></MemPortIdVec>
<condition id="11">
<or_exp><and_exp></and_exp></or_exp>
</condition>

<Node id="52" bw="32" op_0_bw="32" op_1_bw="64" op_2_bw="64" op_3_bw="64">
<![CDATA[
:14  %empty_3 = call i32 (...)* @_ssdm_op_SpecLoopTripCount(i64 5, i64 5, i64 5) nounwind

]]></Node>
<StgValue><ssdm name="empty_3"/></StgValue>
</operation>

<operation id="56" st_id="4" stage="1" lat="1">
<core>AddSub</core>
<MemPortIdVec></MemPortIdVec>
<condition id="11">
<or_exp><and_exp></and_exp></or_exp>
</condition>

<Node id="53" bw="3" op_0_bw="3" op_1_bw="3">
<![CDATA[
:15  %k_1 = add i3 %k, 1

]]></Node>
<StgValue><ssdm name="k_1"/></StgValue>
</operation>

<operation id="57" st_id="4" stage="1" lat="1">
<core>NULL</core>
<MemPortIdVec></MemPortIdVec>
<condition id="11">
<or_exp><and_exp></and_exp></or_exp>
</condition>

<Node id="54" bw="0" op_0_bw="1" op_1_bw="0" op_2_bw="0">
<![CDATA[
:16  br i1 %exitcond, label %7, label %6

]]></Node>
<StgValue><ssdm name=""/></StgValue>
</operation>

<operation id="58" st_id="4" stage="1" lat="1">
<core>NULL</core>
<MemPortIdVec></MemPortIdVec>
<condition id="13">
<or_exp><and_exp><literal name="exitcond" val="1"/>
</and_exp></or_exp>
</condition>

<Node id="65" bw="32" op_0_bw="32" op_1_bw="0" op_2_bw="32">
<![CDATA[
:0  %empty_4 = call i32 (...)* @_ssdm_op_SpecRegionEnd([4 x i8]* @p_str1, i32 %tmp_5) nounwind

]]></Node>
<StgValue><ssdm name="empty_4"/></StgValue>
</operation>

<operation id="59" st_id="4" stage="1" lat="1">
<core>NULL</core>
<MemPortIdVec></MemPortIdVec>
<condition id="13">
<or_exp><and_exp><literal name="exitcond" val="1"/>
</and_exp></or_exp>
</condition>

<Node id="66" bw="0" op_0_bw="0">
<![CDATA[
:1  br label %3

]]></Node>
<StgValue><ssdm name=""/></StgValue>
</operation>
</state>

<state id="5" st_id="5">

<operation id="60" st_id="5" stage="2" lat="2">
<core>RAM</core>
<MemPortIdVec>0 </MemPortIdVec>
<condition id="14">
<or_exp><and_exp></and_exp></or_exp>
</condition>

<Node id="57" bw="8" op_0_bw="5">
<![CDATA[
:1  %a_load = load i8* %a_addr, align 1

]]></Node>
<StgValue><ssdm name="a_load"/></StgValue>
</operation>

<operation id="61" st_id="5" stage="2" lat="2">
<core>RAM</core>
<MemPortIdVec>0 </MemPortIdVec>
<condition id="14">
<or_exp><and_exp></and_exp></or_exp>
</condition>

<Node id="59" bw="8" op_0_bw="5">
<![CDATA[
:3  %b_load = load i8* %b_addr, align 1

]]></Node>
<StgValue><ssdm name="b_load"/></StgValue>
</operation>
</state>

<state id="6" st_id="6">

<operation id="62" st_id="6" stage="1" lat="2">
<core>RAM</core>
<MemPortIdVec>0 </MemPortIdVec>
<condition id="15">
<or_exp><and_exp></and_exp></or_exp>
</condition>

<Node id="57" bw="8" op_0_bw="5">
<![CDATA[
:1  %a_load = load i8* %a_addr, align 1

]]></Node>
<StgValue><ssdm name="a_load"/></StgValue>
</operation>

<operation id="63" st_id="6" stage="1" lat="1">
<core>NULL</core>
<MemPortIdVec></MemPortIdVec>
<condition id="15">
<or_exp><and_exp></and_exp></or_exp>
</condition>

<Node id="58" bw="16" op_0_bw="8">
<![CDATA[
:2  %tmp = sext i8 %a_load to i16

]]></Node>
<StgValue><ssdm name="tmp"/></StgValue>
</operation>

<operation id="64" st_id="6" stage="1" lat="2">
<core>RAM</core>
<MemPortIdVec>0 </MemPortIdVec>
<condition id="15">
<or_exp><and_exp></and_exp></or_exp>
</condition>

<Node id="59" bw="8" op_0_bw="5">
<![CDATA[
:3  %b_load = load i8* %b_addr, align 1

]]></Node>
<StgValue><ssdm name="b_load"/></StgValue>
</operation>

<operation id="65" st_id="6" stage="1" lat="1">
<core>NULL</core>
<MemPortIdVec></MemPortIdVec>
<condition id="15">
<or_exp><and_exp></and_exp></or_exp>
</condition>

<Node id="60" bw="16" op_0_bw="8">
<![CDATA[
:4  %tmp_1 = sext i8 %b_load to i16

]]></Node>
<StgValue><ssdm name="tmp_1"/></StgValue>
</operation>

<operation id="66" st_id="6" stage="3" lat="3">
<core>DSP48</core>
<MemPortIdVec></MemPortIdVec>
<condition id="15">
<or_exp><and_exp></and_exp></or_exp>
</condition>

<Node id="61" bw="16" op_0_bw="16" op_1_bw="16">
<![CDATA[
:5  %tmp_2 = mul i16 %tmp_1, %tmp

]]></Node>
<StgValue><ssdm name="tmp_2"/></StgValue>
</operation>
</state>

<state id="7" st_id="7">

<operation id="67" st_id="7" stage="2" lat="3">
<core>DSP48</core>
<MemPortIdVec></MemPortIdVec>
<condition id="16">
<or_exp><and_exp></and_exp></or_exp>
</condition>

<Node id="61" bw="16" op_0_bw="16" op_1_bw="16">
<![CDATA[
:5  %tmp_2 = mul i16 %tmp_1, %tmp

]]></Node>
<StgValue><ssdm name="tmp_2"/></StgValue>
</operation>
</state>

<state id="8" st_id="8">

<operation id="68" st_id="8" stage="1" lat="1">
<core>NULL</core>
<MemPortIdVec></MemPortIdVec>
<condition id="17">
<or_exp><and_exp></and_exp></or_exp>
</condition>

<Node id="56" bw="0" op_0_bw="0" op_1_bw="0">
<![CDATA[
:0  call void (...)* @_ssdm_op_SpecLoopName([8 x i8]* @p_str2) nounwind

]]></Node>
<StgValue><ssdm name=""/></StgValue>
</operation>

<operation id="69" st_id="8" stage="1" lat="3">
<core>DSP48</core>
<MemPortIdVec></MemPortIdVec>
<condition id="17">
<or_exp><and_exp></and_exp></or_exp>
</condition>

<Node id="61" bw="16" op_0_bw="16" op_1_bw="16">
<![CDATA[
:5  %tmp_2 = mul i16 %tmp_1, %tmp

]]></Node>
<StgValue><ssdm name="tmp_2"/></StgValue>
</operation>

<operation id="70" st_id="8" stage="1" lat="1">
<core>DSP48</core>
<MemPortIdVec></MemPortIdVec>
<condition id="17">
<or_exp><and_exp></and_exp></or_exp>
</condition>

<Node id="62" bw="16" op_0_bw="16" op_1_bw="16">
<![CDATA[
:6  %tmp_3 = add i16 %prod_load, %tmp_2

]]></Node>
<StgValue><ssdm name="tmp_3"/></StgValue>
</operation>

<operation id="71" st_id="8" stage="1" lat="1">
<core>NULL</core>
<MemPortIdVec></MemPortIdVec>
<condition id="17">
<or_exp><and_exp></and_exp></or_exp>
</condition>

<Node id="63" bw="0" op_0_bw="0">
<![CDATA[
:7  br label %5

]]></Node>
<StgValue><ssdm name=""/></StgValue>
</operation>
</state>
</state_list>


<ports>
<port id="82" name="a" dir="0" iftype="1">
<core>RAM</core><StgValue><ssdm name="a"/><MemPortTyVec>1 3 </MemPortTyVec>
</StgValue>
</port>
<port id="83" name="b" dir="0" iftype="1">
<core>RAM</core><StgValue><ssdm name="b"/><MemPortTyVec>1 3 </MemPortTyVec>
</StgValue>
</port>
<port id="84" name="prod" dir="1" iftype="1">
<core>RAM</core><StgValue><ssdm name="prod"/><MemPortTyVec>0 3 </MemPortTyVec>
</StgValue>
</port>
</ports>


<dataflows>
<dataflow id="86" from="_ssdm_op_SpecBitsMap" to="StgValue_9" fromId="85" toId="9">
</dataflow>
<dataflow id="87" from="a" to="StgValue_9" fromId="82" toId="9">
</dataflow>
<dataflow id="88" from="_ssdm_op_SpecBitsMap" to="StgValue_10" fromId="85" toId="10">
</dataflow>
<dataflow id="89" from="b" to="StgValue_10" fromId="83" toId="10">
</dataflow>
<dataflow id="90" from="_ssdm_op_SpecBitsMap" to="StgValue_11" fromId="85" toId="11">
</dataflow>
<dataflow id="91" from="prod" to="StgValue_11" fromId="84" toId="11">
</dataflow>
<dataflow id="93" from="_ssdm_op_SpecTopModule" to="StgValue_12" fromId="92" toId="12">
</dataflow>
<dataflow id="95" from="matrix_mult_str" to="StgValue_12" fromId="94" toId="12">
</dataflow>
<dataflow id="97" from="StgValue_96" to="i" fromId="96" toId="14">
<condition id="43">
<or_exp><and_exp></and_exp></or_exp>
</condition>
</dataflow>
<dataflow id="98" from="StgValue_13" to="i" fromId="13" toId="14">
</dataflow>
<dataflow id="99" from="i_1" to="i" fromId="21" toId="14">
<BackEdge/>
<condition id="44">
<or_exp><and_exp><literal name="exitcond1" val="1"/>
</and_exp></or_exp>
</condition>
</dataflow>
<dataflow id="100" from="StgValue_40" to="i" fromId="40" toId="14">
<BackEdge/>
</dataflow>
<dataflow id="101" from="i" to="i_cast3_cast" fromId="14" toId="15">
</dataflow>
<dataflow id="103" from="_ssdm_op_BitConcatenate.i5.i3.i2" to="tmp_6" fromId="102" toId="16">
</dataflow>
<dataflow id="104" from="i" to="tmp_6" fromId="14" toId="16">
</dataflow>
<dataflow id="106" from="StgValue_105" to="tmp_6" fromId="105" toId="16">
</dataflow>
<dataflow id="107" from="tmp_6" to="p_shl_cast" fromId="16" toId="17">
</dataflow>
<dataflow id="108" from="i_cast3_cast" to="tmp_7" fromId="15" toId="18">
</dataflow>
<dataflow id="109" from="p_shl_cast" to="tmp_7" fromId="17" toId="18">
</dataflow>
<dataflow id="110" from="i" to="exitcond2" fromId="14" toId="19">
</dataflow>
<dataflow id="112" from="StgValue_111" to="exitcond2" fromId="111" toId="19">
</dataflow>
<dataflow id="114" from="_ssdm_op_SpecLoopTripCount" to="empty" fromId="113" toId="20">
</dataflow>
<dataflow id="116" from="StgValue_115" to="empty" fromId="115" toId="20">
</dataflow>
<dataflow id="117" from="StgValue_115" to="empty" fromId="115" toId="20">
</dataflow>
<dataflow id="118" from="StgValue_115" to="empty" fromId="115" toId="20">
</dataflow>
<dataflow id="119" from="i" to="i_1" fromId="14" toId="21">
</dataflow>
<dataflow id="121" from="StgValue_120" to="i_1" fromId="120" toId="21">
</dataflow>
<dataflow id="122" from="exitcond2" to="StgValue_22" fromId="19" toId="22">
</dataflow>
<dataflow id="124" from="_ssdm_op_SpecLoopName" to="StgValue_23" fromId="123" toId="23">
</dataflow>
<dataflow id="126" from="p_str" to="StgValue_23" fromId="125" toId="23">
</dataflow>
<dataflow id="128" from="_ssdm_op_SpecRegionBegin" to="tmp_4" fromId="127" toId="24">
</dataflow>
<dataflow id="129" from="p_str" to="tmp_4" fromId="125" toId="24">
</dataflow>
<dataflow id="130" from="StgValue_96" to="j" fromId="96" toId="27">
<condition id="45">
<or_exp><and_exp><literal name="exitcond2" val="0"/>
</and_exp></or_exp>
</condition>
</dataflow>
<dataflow id="131" from="StgValue_25" to="j" fromId="25" toId="27">
</dataflow>
<dataflow id="132" from="j_1" to="j" fromId="34" toId="27">
<BackEdge/>
<condition id="46">
<or_exp><and_exp><literal name="exitcond" val="1"/>
</and_exp></or_exp>
</condition>
</dataflow>
<dataflow id="133" from="StgValue_59" to="j" fromId="59" toId="27">
<BackEdge/>
</dataflow>
<dataflow id="134" from="j" to="j_cast2_cast" fromId="27" toId="28">
</dataflow>
<dataflow id="135" from="tmp_7" to="tmp_8" fromId="18" toId="29">
</dataflow>
<dataflow id="136" from="j_cast2_cast" to="tmp_8" fromId="28" toId="29">
</dataflow>
<dataflow id="137" from="tmp_8" to="tmp_8_cast" fromId="29" toId="30">
</dataflow>
<dataflow id="138" from="prod" to="prod_addr" fromId="84" toId="31">
</dataflow>
<dataflow id="140" from="StgValue_139" to="prod_addr" fromId="139" toId="31">
</dataflow>
<dataflow id="141" from="tmp_8_cast" to="prod_addr" fromId="30" toId="31">
</dataflow>
<dataflow id="142" from="j" to="exitcond1" fromId="27" toId="32">
</dataflow>
<dataflow id="143" from="StgValue_111" to="exitcond1" fromId="111" toId="32">
</dataflow>
<dataflow id="144" from="_ssdm_op_SpecLoopTripCount" to="empty_2" fromId="113" toId="33">
</dataflow>
<dataflow id="145" from="StgValue_115" to="empty_2" fromId="115" toId="33">
</dataflow>
<dataflow id="146" from="StgValue_115" to="empty_2" fromId="115" toId="33">
</dataflow>
<dataflow id="147" from="StgValue_115" to="empty_2" fromId="115" toId="33">
</dataflow>
<dataflow id="148" from="j" to="j_1" fromId="27" toId="34">
</dataflow>
<dataflow id="149" from="StgValue_120" to="j_1" fromId="120" toId="34">
</dataflow>
<dataflow id="150" from="exitcond1" to="StgValue_35" fromId="32" toId="35">
</dataflow>
<dataflow id="151" from="_ssdm_op_SpecLoopName" to="StgValue_36" fromId="123" toId="36">
</dataflow>
<dataflow id="153" from="p_str1" to="StgValue_36" fromId="152" toId="36">
</dataflow>
<dataflow id="154" from="_ssdm_op_SpecRegionBegin" to="tmp_5" fromId="127" toId="37">
</dataflow>
<dataflow id="155" from="p_str1" to="tmp_5" fromId="152" toId="37">
</dataflow>
<dataflow id="157" from="_ssdm_op_SpecRegionEnd" to="empty_5" fromId="156" toId="39">
</dataflow>
<dataflow id="158" from="p_str" to="empty_5" fromId="125" toId="39">
</dataflow>
<dataflow id="159" from="tmp_4" to="empty_5" fromId="24" toId="39">
</dataflow>
<dataflow id="161" from="StgValue_160" to="prod_load" fromId="160" toId="41">
<condition id="47">
<or_exp><and_exp><literal name="exitcond1" val="0"/>
</and_exp></or_exp>
</condition>
</dataflow>
<dataflow id="162" from="StgValue_38" to="prod_load" fromId="38" toId="41">
</dataflow>
<dataflow id="163" from="tmp_3" to="prod_load" fromId="70" toId="41">
<BackEdge/>
<condition id="48">
<or_exp><and_exp></and_exp></or_exp>
</condition>
</dataflow>
<dataflow id="164" from="StgValue_71" to="prod_load" fromId="71" toId="41">
<BackEdge/>
</dataflow>
<dataflow id="165" from="StgValue_96" to="k" fromId="96" toId="42">
<condition id="49">
<or_exp><and_exp><literal name="exitcond1" val="0"/>
</and_exp></or_exp>
</condition>
</dataflow>
<dataflow id="166" from="StgValue_38" to="k" fromId="38" toId="42">
</dataflow>
<dataflow id="167" from="k_1" to="k" fromId="56" toId="42">
<BackEdge/>
<condition id="50">
<or_exp><and_exp></and_exp></or_exp>
</condition>
</dataflow>
<dataflow id="168" from="StgValue_71" to="k" fromId="71" toId="42">
<BackEdge/>
</dataflow>
<dataflow id="169" from="prod_load" to="StgValue_43" fromId="41" toId="43">
</dataflow>
<dataflow id="170" from="prod_addr" to="StgValue_43" fromId="31" toId="43">
</dataflow>
<dataflow id="171" from="k" to="k_cast1_cast" fromId="42" toId="44">
</dataflow>
<dataflow id="172" from="tmp_7" to="tmp_9" fromId="18" toId="45">
</dataflow>
<dataflow id="173" from="k_cast1_cast" to="tmp_9" fromId="44" toId="45">
</dataflow>
<dataflow id="174" from="tmp_9" to="tmp_9_cast" fromId="45" toId="46">
</dataflow>
<dataflow id="175" from="a" to="a_addr" fromId="82" toId="47">
</dataflow>
<dataflow id="176" from="StgValue_139" to="a_addr" fromId="139" toId="47">
</dataflow>
<dataflow id="177" from="tmp_9_cast" to="a_addr" fromId="46" toId="47">
</dataflow>
<dataflow id="178" from="_ssdm_op_BitConcatenate.i5.i3.i2" to="tmp_s" fromId="102" toId="48">
</dataflow>
<dataflow id="179" from="k" to="tmp_s" fromId="42" toId="48">
</dataflow>
<dataflow id="180" from="StgValue_105" to="tmp_s" fromId="105" toId="48">
</dataflow>
<dataflow id="181" from="tmp_s" to="p_shl1_cast" fromId="48" toId="49">
</dataflow>
<dataflow id="182" from="k_cast1_cast" to="tmp_10" fromId="44" toId="50">
</dataflow>
<dataflow id="183" from="p_shl1_cast" to="tmp_10" fromId="49" toId="50">
</dataflow>
<dataflow id="184" from="tmp_10" to="tmp_11" fromId="50" toId="51">
</dataflow>
<dataflow id="185" from="j_cast2_cast" to="tmp_11" fromId="28" toId="51">
</dataflow>
<dataflow id="186" from="tmp_11" to="tmp_12_cast" fromId="51" toId="52">
</dataflow>
<dataflow id="187" from="b" to="b_addr" fromId="83" toId="53">
</dataflow>
<dataflow id="188" from="StgValue_139" to="b_addr" fromId="139" toId="53">
</dataflow>
<dataflow id="189" from="tmp_12_cast" to="b_addr" fromId="52" toId="53">
</dataflow>
<dataflow id="190" from="k" to="exitcond" fromId="42" toId="54">
</dataflow>
<dataflow id="191" from="StgValue_111" to="exitcond" fromId="111" toId="54">
</dataflow>
<dataflow id="192" from="_ssdm_op_SpecLoopTripCount" to="empty_3" fromId="113" toId="55">
</dataflow>
<dataflow id="193" from="StgValue_115" to="empty_3" fromId="115" toId="55">
</dataflow>
<dataflow id="194" from="StgValue_115" to="empty_3" fromId="115" toId="55">
</dataflow>
<dataflow id="195" from="StgValue_115" to="empty_3" fromId="115" toId="55">
</dataflow>
<dataflow id="196" from="k" to="k_1" fromId="42" toId="56">
</dataflow>
<dataflow id="197" from="StgValue_120" to="k_1" fromId="120" toId="56">
</dataflow>
<dataflow id="198" from="exitcond" to="StgValue_57" fromId="54" toId="57">
</dataflow>
<dataflow id="199" from="_ssdm_op_SpecRegionEnd" to="empty_4" fromId="156" toId="58">
</dataflow>
<dataflow id="200" from="p_str1" to="empty_4" fromId="152" toId="58">
</dataflow>
<dataflow id="201" from="tmp_5" to="empty_4" fromId="37" toId="58">
</dataflow>
<dataflow id="202" from="a_addr" to="a_load" fromId="47" toId="60">
</dataflow>
<dataflow id="203" from="b_addr" to="b_load" fromId="53" toId="61">
</dataflow>
<dataflow id="204" from="a_addr" to="a_load" fromId="47" toId="62">
</dataflow>
<dataflow id="205" from="a_load" to="tmp" fromId="62" toId="63">
</dataflow>
<dataflow id="206" from="b_addr" to="b_load" fromId="53" toId="64">
</dataflow>
<dataflow id="207" from="b_load" to="tmp_1" fromId="64" toId="65">
</dataflow>
<dataflow id="208" from="tmp_1" to="tmp_2" fromId="65" toId="66">
</dataflow>
<dataflow id="209" from="tmp" to="tmp_2" fromId="63" toId="66">
</dataflow>
<dataflow id="210" from="tmp_1" to="tmp_2" fromId="65" toId="67">
</dataflow>
<dataflow id="211" from="tmp" to="tmp_2" fromId="63" toId="67">
</dataflow>
<dataflow id="212" from="_ssdm_op_SpecLoopName" to="StgValue_68" fromId="123" toId="68">
</dataflow>
<dataflow id="214" from="p_str2" to="StgValue_68" fromId="213" toId="68">
</dataflow>
<dataflow id="215" from="tmp_1" to="tmp_2" fromId="65" toId="69">
</dataflow>
<dataflow id="216" from="tmp" to="tmp_2" fromId="63" toId="69">
</dataflow>
<dataflow id="217" from="prod_load" to="tmp_3" fromId="41" toId="70">
</dataflow>
<dataflow id="218" from="tmp_2" to="tmp_3" fromId="69" toId="70">
</dataflow>
<dataflow id="219" from="exitcond2" to="StgValue_2" fromId="19" toId="2">
</dataflow>
<dataflow id="220" from="exitcond1" to="StgValue_3" fromId="32" toId="3">
</dataflow>
<dataflow id="221" from="exitcond" to="StgValue_4" fromId="54" toId="4">
</dataflow>
</dataflows>


</stg>
